<?xml version="1.0" encoding="UTF-8"?>
<!DOCTYPE mapper PUBLIC "-//mybatis.org//DTD Mapper 3.0//EN" "http://mybatis.org/dtd/mybatis-3-mapper.dtd" >
<mapper namespace="bookMapper">

	<resultMap type="Book" id="bookResultSet">
		<id property="bNo" column="B_NO"/>
		<result property="bName" column="B_NAME"/>
		<result property="bWriter" column="B_WRITER"/>
		<result property="bTrans" column="B_TRANS"/>
		<result property="bPublisher" column="B_PUBLISHER"/>
		<result property="bPage" column="B_PAGE"/>
		<result property="price" column="PRICE"/>
		<result property="bMainCTG" column="B_MAIN_CTG"/>
		<result property="bIssueDate" column="B_ISSUE_DATE"/>
		<result property="bLanguage" column="B_LANGUAGE"/>
		<result property="bISBN" column="B_ISBN"/>
		<result property="bLocation" column="B_LOCATION"/>
		<result property="status" column="B_STATUS"/>
		<result property="bIMG" column="B_IMG"/>
		<association property="bookReservation" javaType="BookReservation">
			<id property="bv_no" column="BV_NO"/>
			<result property="b_no" column="B_NO"/>
			<result property="user_id" column="USER_ID"/>
			<result property="bv_date" column="BV_DATE"/>
			<result property="bv_return_date" column="BV_RETURN_DATE"/>
			<result property="bv_status" column="BV_STATUS"/>
		</association>
	</resultMap>
	
	
	<resultMap type="Bookreservation" id="reservationResultSet">
		<id property="bv_no" column="BV_NO"/>
		<result property="b_no" column="B_NO"/>
		<result property="user_id" column="USER_ID"/>
		<result property="bv_date" column="BV_DATE"/>
		<result property="bv_return_date" column="BV_RETURN_DATE"/>
		<result property="bv_status" column="BV_STATUS"/>
		<association property="book" javaType="Book">
			<id property="bNo" column="B_NO"/>
			<result property="bName" column="B_NAME"/>
			<result property="bWriter" column="B_WRITER"/>
			<result property="bTrans" column="B_TRANS"/>
			<result property="bPublisher" column="B_PUBLISHER"/>
			<result property="bPage" column="B_PAGE"/>
			<result property="price" column="PRICE"/>
			<result property="bMainCTG" column="B_MAIN_CTG"/>
			<result property="bIssueDate" column="B_ISSUE_DATE"/>
			<result property="bLanguage" column="B_LANGUAGE"/>
			<result property="bISBN" column="B_ISBN"/>
			<result property="bLocation" column="B_LOCATION"/>
			<result property="status" column="B_STATUS"/>
			<result property="bIMG" column="B_IMG"/>			
		</association>		
	</resultMap>

	<resultMap type="BookRent" id="bookRentSet">
		<id property="br_no" column="BR_NO"/>
		<result property="b_no" column="B_NO"/>
		<result property="br_date" column="BR_DATE"/>
		<result property="br_return_date" column="BR_RETURN_DATE"/>
		<result property="user_id" column="USER_ID"/>
		<result property="br_status" column="BR_STATUS"/>
		<result property="m_status" column="M_STATUS"/>
		<association property="book" javaType="Book">
			<id property="bNo" column="B_NO"/>
			<result property="bName" column="B_NAME"/>
			<result property="bWriter" column="B_WRITER"/>
		</association>
	</resultMap>
	
	
	<select id="selectCount" resultType="_int" parameterType="map">
		select count(*)
		from book
		where (b_status='Y' or b_status= 'R' or b_status = 'W')
		<choose>
			<when test='searchOption.equals("title")'>
				and b_name LIKE '%' || #{search} || '%'
			</when>
			<when test='searchOption.equals("author")'>
				and b_writer LIKE '%' || #{search} || '%'
			</when>
			<when test='searchOption.equals("publisher")'>
				and b_publisher LIKE '%' || #{search} || '%'
			</when>
			<when test='searchOption.equals("ISBN")'>
				and b_isbn LIKE '%' || #{search} || '%'
			</when>									
		</choose>
	</select>
	
	<select id="selectList" parameterType="map" resultMap="bookResultSet">
		select *
		from book
		where (b_status='Y' or b_status= 'R' or b_status = 'W')	
		<choose>
			<when test='searchOption.equals("title")'>
				and b_name LIKE '%' || #{search} || '%'
			</when>
			<when test='searchOption.equals("author")'>
				and b_writer LIKE '%' || #{search} || '%'
			</when>
			<when test='searchOption.equals("publisher")'>
				and b_publisher LIKE '%' || #{search} || '%'
			</when>
			<when test='searchOption.equals("ISBN")'>
				and b_isbn LIKE '%' || #{search} || '%'
			</when>									
		</choose>
	</select> 
	
	<select id="selectBook" parameterType="_int" resultMap="bookResultSet">
		select *
		from book
		where (b_status='Y' or b_status= 'R' or b_status= 'W') and b_no = #{bNo}
	</select>
	
	<select id="selectYCount" parameterType="string" resultType="_int">
		select count(*)
		from book
		where b_status='Y' and b_isbn = #{bISBN}
	</select>
 	
 	<select id="selectAllCount" parameterType="string" resultType="_int">
		select count(*)
		from book
		where b_isbn= #{bISBN}
 	</select>
 	
 	<insert id="insertBv" parameterType="map">
 		insert into book_reservation values (SEQ_BVNO.NEXTVAL, #{bookNo}, #{userId}, to_char(sysdate,'YYYY/MM/DD HH24:MI'), to_char((sysdate +1),'YYYY/MM/DD HH24:MI'), 'W')
 	</insert>
 	
 	<update id="updateBS" parameterType="map">
 		update book
 		set b_status = 'W'
 		where b_no = #{bookNo}
 	</update>
 	
 	<select id="selectReservationBookList" resultMap="reservationResultSet">
		select b.*, br.BV_NO, br.B_NO, br.USER_ID, br.BV_DATE, br.BV_RETURN_DATE, br.BV_STATUS
 		from book_reservation br 
 		join book b on (b.b_no = br.b_no)
 		where br.USER_ID = #{userId}
 		order by BV_DATE desc
 	</select>
 	
 	<select id="selectReservationCount" resultType="_int">
 		select count(*)
 		from book_reservation
 		where USER_ID = #{userId}
 	</select>
 	
 	<insert id="insertRequest" parameterType="map">
 		insert into book_request
 		values(SEQ_BQNO.NEXTVAL, #{userId}, #{name}, #{writer}, null, #{publisher}, #{isbn}, #{price}, #{message}, sysdate, 'W')
 	</insert>
 	
 	<select id="selectRequestList" parameterType="string" resultType="BookRequest">
 		select *
 		from book_request
 		where BQ_STUDENT_ID = #{userId}
 		order by BQ_NO desc
 	</select>
 	
 	<update id="checkBook">
 		update book
 		set b_status = 'Y'
 		where b_no in (select b_no
 			  from book_reservation
 			  where BV_RETURN_DATE <![CDATA[<]]> to_char(sysdate,'YYYY/MM/DD HH24:MI'))
 	</update>
 	
 	<update id="checkBook2">
 		update book_rent
 		set br_status = 'O'
 		where BR_RETURN_DATE <![CDATA[<]]> to_char(sysdate,'YYYY/MM/DD HH24:MI')
 	</update>
 	
 	
 	<select id="requestBookListmaster" resultType="BookRequest">
 		select *
 		from book_request
 		order by bq_no desc
 	</select>
 	
 	<update id="allowRequest">
 		update BOOK_REQUEST
 		set bq_status = 'Y'
 		where bq_no = #{bq_no}
 	</update>
 	
 	<update id="rejactRequest">
 		update BOOK_REQUEST
 		set bq_status = 'N'
 		where bq_no = #{bq_no}
 	</update> 	
 	
 	<update id="cancelRequest">
 		update BOOK_REQUEST
 		set bq_status = 'C'
 		where bq_no = #{bq_no}
 	</update>
 	
 	<select id="reservationBookListmaster" resultMap="reservationResultSet">
 		select *
 		from book_reservation
 		order by bv_no desc
 	</select>
 	
	<update id="updateResvCancel">
		update BOOK_RESERVATION
		set bv_status = 'C'
		where bv_no = #{bv_no}
	</update>
	
	<update id="updateBkCancel">
		update BOOK
		set b_status = 'Y'
		where b_no = #{b_no}
	</update>
	
	<update id="updateRAllow">
		update BOOK_RESERVATION
		set bv_status = 'Y' 
		where bv_no = #{bv_no}
	</update>
	
	<update id="updateBAllow">
		update BOOK
		set b_status = 'R'
		where b_no = #{b_no}		
	</update>
	
	<insert id="insertRent" parameterType="map">
		insert into book_rent
		values(SEQ_BKNO.nextval, #{b_no} , to_char(sysdate,'YYYY/MM/DD HH24:MI') , to_char((sysdate + 3),'YYYY/MM/DD HH24:MI'), #{userId} , default , default)
	</insert>
	
	<select id="selectborrowBkList" resultMap="bookRentSet">
		select *
		from book_rent br
			join book b on (br.b_no = b.b_no)
		where user_id = #{userId}
	</select>
	
	<update id="updateExtension" parameterType="map">
		update book_rent
		set br_return_date = to_char((sysdate)+3,'YYYY/MM/DD HH24:MI'), br_status = 'E'
		where br_no = #{br_no}
	</update>
	
	<update id="updateRentBook">
		update book_rent
		set br_status = 'Y'
		where br_no = #{br_no}
	</update>
	
	<update id="updateBookY">
		update book
		set b_status = 'Y'
		where b_no = #{b_no}
	</update>
	
	<select id="loanBookList" resultMap="bookRentSet">
		select *
		from book_rent br
			join book b on (br.b_no = b.b_no)
		order by br_no desc
	</select>
	
	<select id="selectBkListM" resultMap="bookResultSet">
		select *
		from book
		order by b_no desc
	</select>
	
	<insert id="insertBk" parameterType="Book">
		insert into book
		values(SEQ_BNO.NEXTVAL, #{bName}, #{bWriter}, #{bTrans}, #{bPublisher}, #{bPage}, #{price}, #{bMainCTG}, sysdate, #{bLanguage}, #{bISBN}, #{bLocation}, 'Y', #{bIMG})
	</insert>
	
	<update id="updateNB" parameterType="Book">
		update book
		set B_NAME = #{bName},
			B_WRITER = #{bWriter},
			B_TRANS = #{bTrans},
			B_PUBLISHER = #{bPublisher},
			B_PAGE = #{bPage},
			PRICE = #{price},
			B_MAIN_CTG = #{bMainCTG},
			B_LANGUAGE = #{bLanguage},
			B_ISBN = #{bISBN},
			B_LOCATION = #{bLocation},
			B_IMG = #{bIMG}
		where B_NO = #{bNo}
	</update>
	
	<update id="deleteBook">
		update book
		set B_STATUS = 'N'
		where B_NO = #{bNo}
	</update>
	
	<select id="selectTopList" resultMap="bookResultSet">
    	<![CDATA[
    	SELECT *
    	FROM (SELECT *
    		  FROM BOOK
    		  WHERE B_STATUS != 'N'
    		  ORDER BY B_ISSUE_DATE DESC)
    	WHERE ROWNUM <= 4
    	]]>   		
	</select>
	
	<select id="selectDetailIndex" resultMap="bookResultSet">
		select *
		from book
		where b_no = #{bNo}
	</select>
	
	<select id="checkExpire" parameterType="string" resultMap="bookRentSet">
 		select *
		from book_rent br
		join book b on (br.b_no = b.b_no)
		where br.BR_RETURN_DATE <![CDATA[<=]]> to_char(sysdate,'YYYY/MM/DD HH24:MI') and br.user_id = #{userId} and m_status = 'N' 
 	</select>
 	
 	<update id="updateMsg" parameterType = "java.util.HashMap">
		UPDATE BOOK_RENT
		SET M_STATUS = 'Y'
		WHERE 
		<choose>
			<when test = "list.size != 0">
				BR_NO IN
				<foreach collection="list" item = "item" index = "index" separator = "," open = "(" close = ")">
					#{item}
				</foreach>
			</when>
		</choose>
	</update>
</mapper>
