<?xml version="1.0" encoding="UTF-8"?>
<!DOCTYPE mapper PUBLIC "-//mybatis.org//DTD Mapper 3.0//EN" "http://mybatis.org/dtd/mybatis-3-mapper.dtd" >
<mapper namespace="studyroomMapper">
	<select id="getRoomCount" resultType="_int">
		SELECT count(*) 
		FROM STUDYROOM
	</select>
	
	<select id="selectRoomList" resultMap="studyroomResultSet">
		SELECT *
		FROM STUDYROOM
		
	</select>
	<select id="spoidSrInfo" parameterType="Studyroom" resultMap="studyroomResultSet">
		<![CDATA[
		SELECT *
		FROM STUDYROOM
		WHERE SR_MAXPEOPLE>=#{sr_maxPeople} 
		AND SR_MAXPEOPLE/2<=#{sr_maxPeople}
		AND SR_FLOOR = #{sr_floor}
		]]>
	</select>
	
	<select id="getSrInfo" parameterType="string" resultMap="studyroomResultSet">
		SELECT *
		FROM STUDYROOM
		WHERE SR_FLOOR=#{so_floor}
	</select>
	
	<resultMap type="Studyroom" id="studyroomResultSet">
		<id property="sr_name" column="SR_NAME"/>
		<result property="sr_floor" column="SR_FLOOR"/>
		<result property="sr_maxPeople" column="SR_MAXPEOPLE"/>
	</resultMap>
	
	<insert id="reservationStudyroom" parameterType="StudyroomOrder">
		INSERT INTO STUDYROOM_ORDER
		VALUES (SEQ_SONO.NEXTVAL, #{so_floor}, #{so_name}, #{bo_number},
				#{so_organizer},#{so_participant}, #{so_start_time}, #{so_end_time},#{so_bColor},#{so_date},'Y')
	</insert>
	
	<select id="selectOrderList" resultMap="studyroomOrderResultSet">
		SELECT *
		FROM STUDYROOM_ORDER
		WHERE SO_ORGANIZER = ${id}
		ORDER BY SO_NO DESC
	</select>
		
	<select id="selectName" parameterType = "java.util.HashMap" resultType = "string">
		select member_name 
		from member
		where 
		<choose>
			<when test = "list.size != 0">
				member_id in
				<foreach collection="list" item = "item" index = "index" separator = "," open = "(" close = ")">
					#{item}
				</foreach>
			</when>
		</choose>
	</select>
		
	<select id="checkId" parameterType = "java.util.HashMap" resultType = "string">
		select member_id 
		from member
		where 
		<choose>
			<when test = "list.size != 0">
				member_id in
				<foreach collection="list" item = "item" index = "index" separator = "," open = "(" close = ")">
					#{item}
				</foreach>
			</when>
		</choose>
	</select>
	<select id="checkTime" parameterType="StudyroomOrder" resultType="StudyroomOrder">
		SELECT *
		FROM STUDYROOM_ORDER
		WHERE to_char(SO_DATE,'yyyymmdd')=#{so_date} 
    		and (so_organizer=#{so_organizer} OR so_participant=#{so_participant} 
    				OR so_organizer=#{so_participant} OR so_participant=#{so_organizer})
    		AND SO_STATUS='Y'
	</select>
	
	<select id="reservationInfo" parameterType="string" resultType="StudyroomOrder">
		select so_no, so_floor, so_name, bo_number,
			(select member_name from member where member_id = so_organizer)as so_organizer,so_participant,so_start_time,
			so_end_time,so_bcolor,so_date,so_status 
		from studyroom_order
		where to_char(SO_DATE,'yyyymmdd') = ${dateInfo}
		AND SO_STATUS='Y'
	</select>
	
	<select id="orderList" parameterType="StudyroomOrder" resultType="StudyroomOrder">
		SELECT *
		FROM STUDYROOM_ORDER
		WHERE TO_CHAR(SO_DATE,'yyyymmdd')=#{so_date}
			AND SO_NAME=#{so_name}
			AND SO_STATUS='Y'
	</select>
	
	<update id="deleteOrder" parameterType="string" >
		UPDATE studyroom_order SET so_status='n' where so_no=#{so_no}
	</update>
	<update id="cancelOrder" parameterType="string" >
		UPDATE studyroom_order SET so_status='n' 
		where bo_number=#{bo_number}
		AND so_status='Y'
	</update>
	
	
	<resultMap type="StudyroomOrder" id="studyroomOrderResultSet">
		<id property="so_no" column="SO_NO"/>
		<result property="sr_floor" column="SR_FLOOR"/>
		<result property="so_name" column="SO_NAME"/>
		<result property="bo_number" column="bo_number"/>
		<result property="so_organizer" column="SO_ORGAIZER"/>
		<result property="so_participant" column="SO_PARTICIPANT"/>
		<result property="so_start_time" column="SO_START_TIME"/>
		<result property="so_end_time" column="SO_END_TIME"/>
		<result property="so_bColor" column="SO_BCOLOR"/>
		<result property="so_date" column="SO_DATE"/>
		<result property="so_status" column="SO_STATUS"/>
	</resultMap>
	
</mapper>
