<?xml version="1.0" encoding="UTF-8"?>
<!DOCTYPE mapper PUBLIC "-//mybatis.org//DTD Mapper 3.0//EN" "http://mybatis.org/dtd/mybatis-3-mapper.dtd" >
<mapper namespace="userMapper">
	<select id="selectOne" parameterType="User" resultMap="userResultSet">
		select * from member
		where MEMBER_ID=#{member_Id} and MEMBER_PASSWORD=#{member_Password}
			
			
	</select>
	<resultMap type="User" id="userResultSet">
	<id property="Member_Id" column="MEMBER_ID"/>
	<result property="Member_Password" column="MEMBER_PASSWORD"/>
	<result property="Member_Name" column="MEMBER_NAME"/>
	<result property="Member_No" column="MEMBER_NO"/>
	<result property="Phone" column="PHONE"/>
	<result property="Address" column="ADDRESS"/>
	<result property="Member_Sep" column="MEMBER_SEP"/>
	<result property="Member_Email" column="MEMBER_EMAIL"/>
	<!-- 수진 추가부분  -->
	<result property ="sNo" column="S_NO"/>
	<result property = "cStatus" column = "C_STATUS"/>
	<result property = "cTime" column = "C_TIME"/>
	</resultMap>
	
	<!-- 회원정보수정 -->
     <update id = "update" parameterType = "map">
        UPDATE MEMBER
        SET PHONE = #{Phone} , MEMBER_EMAIL = #{Member_Email} , Address = #{address}
        WHERE MEMBER_ID = #{student_number}
     </update>
     
     <!-- 비밀번호 변경 -->
     <update id="pwdUpdate" parameterType="User">
		update member
		set MEMBER_PASSWORD = #{member_Password}
		where MEMBER_ID = #{member_Id}
	</update>
	
	<select id="pwdfind" parameterType="map" resultMap="userResultSet">
		select *
		from MEMBER
		where (MEMBER_ID = #{member_Id} and MEMBER_NAME = #{member_Name}) AND MEMBER_EMAIL = #{member_Email}
	</select>
	
	<!-- 비밀번호 변경 -->
     <update id="changePwd" parameterType="map">
		update member
		set MEMBER_PASSWORD = #{newPwd}
		where MEMBER_ID = #{member_Id}
	</update>

     

	
</mapper>